person_id,person_name,winner,winner_bic,power_rss,power_r2,power_aic,power_bic,exp_rss,exp_r2,exp_aic,exp_bic,delta_aic,delta_aic_abs,delta_bic
2017GARR05,Luke Garrett,power_law,power_law,255.29264706388167,0.8070353657408803,-888.531969070035,-874.512075166732,256.18825715361623,0.8063584129363557,-885.7618625062728,-871.7419686029698,2.7701065637621696,2.7701065637621696,2.7701065637621696
2012PARK03,Max Park,power_law,power_law,171.9474805135241,0.911158124606763,-782.3285227153535,-769.0539156436373,214.15465074452484,0.8893505113334254,-646.8912619591467,-633.6166548874305,135.4372607562068,135.4372607562068,135.4372607562068
2009ZEMD01,Feliks Zemdegs,power_law,power_law,134.4811484364832,0.6664703052593818,-687.8562920786803,-675.1179717822356,157.7550303688672,0.6087482317450889,-605.4927021888356,-592.7543818923908,82.36358988984477,82.36358988984477,82.36358988984477
2010WEYE02,Sebastian Weyer,power_law,power_law,182.17228541543804,0.8751930586614722,-652.7663304277041,-639.7084422387454,288.4882713393218,0.8023555631648853,-388.8976299870875,-375.8397417981288,263.86870044061664,263.86870044061664,263.86870044061664
2010WEYE01,Philipp Weyer,power_law,power_law,156.65398684044072,0.8877693932127695,-550.639957648128,-538.0628701797034,180.96963882483533,0.8703490872781667,-480.082241439859,-467.50515397143437,70.55771620826897,70.55771620826897,70.55771620826903
2010HULL01,Katie Hull,power_law,power_law,309.9521787842224,0.7000534012667021,-535.4132875160699,-521.8294137632022,469.5091431856493,0.5456471023203884,-251.36877908425515,-237.7849053313875,284.04450843181473,284.04450843181473,284.0445084318147
2012MAHV01,Paul Mahvi,power_law,power_law,335.02230849370983,0.9021680114953138,-511.55584620062734,-497.8983225395236,595.03591207002,0.8262397905045697,-108.88417494998403,-95.22665128888026,402.6716712506433,402.6716712506433,402.6716712506433
2013BURL01,Łukasz Burliga,power_law,power_law,236.20172589254412,0.9376329877604597,-509.35104423112216,-496.27751743159786,732.0666576758057,0.8067041634564637,143.34290939231877,156.41643619184308,652.693953623441,652.693953623441,652.693953623441
2014ZAKR01,Karol Zakrzewski,power_law,power_law,306.5632479701497,0.6511403989137625,-479.00636116344714,-465.5846890743903,364.21760118162837,0.5855315081043856,-367.33820282212383,-353.916530733067,111.6681583413233,111.6681583413233,111.6681583413233
2008BARA01,Bence Barát,exponential,exponential,275.6808706594117,0.8103857122861912,-457.05940012481983,-443.87862786296796,269.52472732172987,0.8146199296667681,-470.5645079047428,-457.38373564289094,-13.50510777992298,13.50510777992298,-13.50510777992298
2013WALL03,Daniel Wallin,power_law,power_law,374.9302971453501,0.7507986151293685,-448.99186202133814,-435.2918447319284,395.0349397705365,0.7374358519099873,-411.85342993981817,-398.1534126504084,37.138432081519966,37.138432081519966,37.138432081519966
2010SCHM01,Leon Schmidtchen,power_law,power_law,217.8046748492526,0.760289129831714,-444.65040344144194,-431.8946917919443,314.82093138666175,0.6535152449683708,-253.44803656261962,-240.69232491312195,191.20236687882232,191.20236687882232,191.20236687882235
2013JOHN10,Brian Johnson,power_law,power_law,248.52838834562863,0.8691979131689169,-421.94965067557115,-409.0472932915814,324.3519520443499,0.8292914846567363,-276.831345198954,-263.9289878149643,145.11830547661714,145.11830547661714,145.11830547661714
2012ICKL01,Finn Ickler,power_law,power_law,260.4716584658623,0.8069250506491086,-389.43054415416805,-376.5502863176286,383.463899103314,0.7157568952670867,-180.1980246065545,-167.31776677001506,209.23251954761355,209.23251954761355,209.23251954761355
2015KUCA01,Carter Kucala,exponential,exponential,325.3568128678954,0.8245633037196114,-374.1534690039183,-360.9229443580198,321.3423265145777,0.8267279678521394,-381.7020767167749,-368.4715520708764,-7.548607712856608,7.548607712856608,-7.548607712856608
2011GROG02,Shane Grogan,power_law,power_law,236.06710992402168,0.6108287251307711,-336.3522990225951,-323.82469721227784,304.54989769974173,0.4979306012292517,-213.8325501189406,-201.3049483086233,122.51974890365452,122.51974890365452,122.51974890365454
2015SANC11,Nicolás Sánchez,exponential,exponential,239.26445222741893,0.7303734704372256,-316.36177605235787,-303.8844898868821,188.74466432693674,0.7873040966085858,-428.54522734527905,-416.06794117980326,-112.18345129292118,112.18345129292118,-112.18345129292118
2016ROLZ01,Alwin Rölz,power_law,power_law,275.55637058111427,0.8738570164543256,-309.58203639255674,-296.8729276219456,442.11661661800645,0.7976097994842122,-67.99070716014593,-55.28159838953482,241.59132923241083,241.59132923241083,241.5913292324108
2012CANT02,Simone Cantarelli,power_law,power_law,351.2209063311881,0.8384919997974507,-300.0372176932758,-286.8968500825765,492.67175146477484,0.7734462046506672,-100.36484785409799,-87.22448024339869,199.6723698391778,199.6723698391778,199.67236983917783
2014GOSL01,Raymond Goslow,power_law,power_law,260.99024787703434,0.5822388626769837,-292.91930244114207,-280.3730477209922,289.4429542142006,0.5366952645693153,-242.8373123779372,-230.2910576577873,50.08199006320487,50.08199006320487,50.0819900632049
2017POPA01,Manuel Popayán,exponential,exponential,320.3946726735968,0.655963145899139,-251.77556250112406,-238.99108744816093,284.92086822789634,0.6940545909991676,-313.2628237239591,-300.478348670996,-61.48726122283506,61.48726122283506,-61.48726122283509
2013ROGA02,Przemysław Rogalski,power_law,power_law,422.0795972701992,0.7606893917506352,-240.74194128494068,-227.42389017164038,457.21645106777595,0.7407675051949953,-190.68510446624126,-177.36705335294096,50.05683681869942,50.05683681869942,50.05683681869942
2016KOLA02,Tymon Kolasiński,exponential,exponential,376.4968866283238,0.9256846415480243,-209.3723763624269,-196.4154720211876,322.6551100941453,0.9363122750423185,-295.02319303983097,-282.0662886985917,-85.65081667740407,85.65081667740407,-85.65081667740407
2010THOM03,Blake Thompson,power_law,power_law,398.7634460191889,0.756786194187235,-205.81782916285027,-192.7495061807626,461.3245763214763,0.7186289088375758,-121.87533810931023,-108.80701512722256,83.94249105354004,83.94249105354004,83.94249105354005
2009PROV01,Matteo Provasi,power_law,power_law,566.0968999706879,0.8653007034690492,-204.98095621411085,-191.12073659451977,1325.8240493410367,0.6845282728463954,433.2871969547509,447.147416574342,638.2681531688618,638.2681531688618,638.2681531688618
2011WELC01,Walker Welch,power_law,power_law,362.46433042474877,0.7790642106222732,-187.12838157674292,-174.3439065237798,513.631535563261,0.6869220520927299,-4.472419193197595,8.312055859765529,182.65596238354533,182.65596238354533,182.65596238354533
2016MULL04,Daniel Mullen,power_law,power_law,367.8570328286503,0.8871564286286712,-172.6447399613658,-159.88902831186812,415.1472764727189,0.8726497058870056,-109.87741172591508,-97.12170007641741,62.767328235450705,62.767328235450705,62.767328235450705
2009LIUE01,Evan Liu,power_law,power_law,552.6571360418789,0.8746710193615537,-159.43977307377287,-145.78653206864266,1328.2253798167544,0.6987913082914888,454.3630860174664,468.0163270225966,613.8028590912393,613.8028590912393,613.8028590912393
2018KHAN28,Zayn Khanani,exponential,exponential,363.9898795138447,0.6757751461574986,-139.66687042004682,-127.0836542467328,245.89942127763487,0.7809645036554804,-331.8465697322488,-319.2633535589348,-192.17969931220196,192.17969931220196,-192.179699312202
2016KELL12,Simon Kellum,power_law,power_law,431.07125039624464,0.8293540894073765,-134.24557135443547,-121.28866701319618,727.4806319907481,0.7120160651622063,156.19369054968962,169.15059489092891,290.4392619041251,290.4392619041251,290.4392619041251
2014SEBA01,Juliette Sébastien,power_law,power_law,470.42092800202056,0.7646620188917381,-127.63184438781786,-114.49147677711858,768.1199810395225,0.6157317950234111,161.65581152115044,174.79617913184973,289.2876559089683,289.2876559089683,289.2876559089683
2010AMBR01,Jacob Ambrose,power_law,power_law,371.71309089415644,0.6936490650338917,-121.7579037508658,-109.2116490307159,484.63407195769514,0.6005841475651776,6.6336569820202715,19.17991170217017,128.39156073288606,128.39156073288606,128.39156073288606
2013TOKA01,Piotr Tokarski,power_law,power_law,425.8147137734079,0.6472162205291758,-61.657151005355374,-49.08006353693076,587.5616844091546,0.5132102649501024,95.78956668195383,108.36665415037845,157.44671768730922,157.44671768730922,157.44671768730922
2010ROSE03,Dennis Rosero,power_law,power_law,703.6339824528771,0.5819918409016613,-51.48929200468061,-37.59328667249372,777.1349847448953,0.5383270671326843,23.92172311873188,37.81772845091877,75.41101512341248,75.41101512341248,75.41101512341248
2011SZAT01,Wojciech Szatanowski,power_law,power_law,455.67643149336624,0.6771573709654507,-32.812014853693725,-20.210487331565655,521.6531873497734,0.6304134363580643,33.851443884866086,46.45297140699416,66.66345873855981,66.66345873855981,66.66345873855981
2014PETE03,Tobias Peter,power_law,power_law,519.6979850750884,0.7488386144461477,-31.54136983086353,-18.579064948111785,910.6669996435883,0.5598897975800196,280.3354058974935,293.29771078024527,311.876775728357,311.876775728357,311.8767757283571
2014JIME05,Diego Alejandro Casas Jimenez,power_law,power_law,507.2172009125693,0.39371087694239626,-28.883659889601816,-16.003402053062374,533.9827449735305,0.3617173676377363,-1.0631624768755428,11.817095359663899,27.820497412726272,27.820497412726272,27.820497412726272
2005REYN01,Tim Reynolds,power_law,power_law,474.60112808474884,0.8079543160135264,-0.4418161604130626,12.08578564990422,680.0890431548712,0.7248043509895301,172.59745981301492,185.12506162333221,173.03927597342798,173.03927597342798,173.039275973428
2009HILD01,James Hildreth,power_law,power_law,522.50954845254,0.7477138886403234,0.48080254447059634,13.28809139558938,575.1673264742383,0.7222888488697019,51.178170745988524,63.98545959710731,50.697368201517925,50.697368201517925,50.69736820151793
2010BENT01,Jan Bentlage,power_law,power_law,495.797232656063,0.8700184542417908,7.7939712873043145,20.401577838868086,523.3930506880097,0.8627837485032395,34.55181461219249,47.15942116375625,26.75784332488817,26.75784332488817,26.757843324888164
2016PYWI01,Wilfrid Py,power_law,power_law,491.7356369154094,0.3583290949500222,14.657579427094428,27.197629388052142,517.6988548573111,0.32444942403722277,39.50911914518019,52.04916910613791,24.851539718085768,24.851539718085768,24.851539718085768
2014CHIC01,Chris Chi,power_law,power_law,523.8368518957775,0.6836286899934794,20.624724384865498,33.322068434517064,719.7819166404701,0.5652876519427148,182.36863031578727,195.06597436543885,161.74390593092178,161.74390593092178,161.74390593092178
2010RONK01,Niko Ronkainen,power_law,power_law,630.3759921816225,0.8290629731713702,50.626635368853954,63.736338317338635,872.374330592777,0.7634410634246029,240.36949426725167,253.47919721573635,189.7428588983977,189.7428588983977,189.7428588983977
2008AURO01,Sébastien Auroux,power_law,power_law,864.7302569178706,0.708469364710647,247.6046874951018,260.6045263795209,905.9090863423976,0.694586549570822,273.79620091398715,286.79603979840624,26.191513418885336,26.191513418885336,26.191513418885336
2007GOUL01,Joey Gouly,power_law,power_law,897.7590112029718,0.5687126540148728,302.69317695144485,315.2763931247589,913.6363998262773,0.561085087245764,311.2833717055642,323.86658787887825,8.590194754119352,8.590194754119352,8.590194754119352
2007VALK01,Mats Valk,power_law,power_law,892.078933310944,0.8838983253988087,304.99309999361253,317.4893535563068,2671.1921582081595,0.6523515227531573,827.0344541871184,839.5307077498127,522.0413541935059,522.0413541935059,522.0413541935059
2003BRUC01,Ron van Bruchem,exponential,exponential,977.5680918060846,0.22093166364695982,321.9065598188666,334.84176424632534,967.0293453809632,0.2293304685112808,315.93421199905026,328.869416426509,-5.972347819816321,5.972347819816321,-5.972347819816321
2011EDUA01,Eduard Esteban García Domínguez,power_law,power_law,1604.8257381581093,0.9034085219892318,542.5007368164354,556.7715339841781,1930.0261365801953,0.883835314514798,701.1865339531236,715.4573311208662,158.68579713668817,158.68579713668817,158.68579713668817
2003DENN01,Ton Dennenbroek,exponential,exponential,2150.576243411506,0.15269314559134328,719.7106748387295,732.1560797264824,2053.495162999627,0.1909421800621678,698.0925719691602,710.5379768569131,-21.61810286956927,21.61810286956927,-21.61810286956927
2010GRAC02,Fabio Bini Graciose,power_law,power_law,5046.467076983754,0.6718610144126052,1207.8779068236897,1220.7303093069022,5666.06560045858,0.6315725456951995,1269.9502280811143,1282.8026305643268,62.07232125742462,62.07232125742462,62.07232125742462
